Club_ID,Club_Name,Foundation_Date,League_ID,Reputation,President_Name,Manager_ID
1,Manchester City,1880,1,91,Sheikh Mansour,1
2,Paris Saint-Germain,1970,2,88,Nasser Ghanim El-Khelaifi,2
3,Barcelona,1899,3,90,Joan Laporta,3
4,Liverpool,1892,1,90,Thomas Werner,4
5,R. Madrid,1902,3,92,Florentino Perez,5
6,Tottenham Hotspur,1882,1,81,Daniel Levy,6
7,FC Bayern Munchen,1900,4,91,Herbert Hainer,7
8,A. Madrid,1903,3,86,Enrique Cerezo,8
9,Chelsea,1905,1,88,Todd Boehly,9
10,Manchester UFC,1878,1,84,Avram Glazer,10
11,AC Milan,1899,5,83,Gerry Cardinale,11
12,Arsenal,1886,1,81,Stan Kroenke,12
13,S.S. Lazio,1900,5,78,Claudio Lotito,13
14,West Ham United,1895,1,70,David Sullivan,14
15,FC Internazionale Milano,1908,5,85,Zhang Jindong,15
16,Associazione Sportiva Roma,1927,5,81,Dan Friedkin,16
17,Juventus,1897,5,87,Andrea Angelli,17
18,Borussia Dortmund,1909,4,84,Hans-Joachim Watzke,18
19,Valencia,1919,3,76,Peter Lim,19
20,FC Porto,1893,6,83,,
21,RB Leipzig,2009,4,75,Oliver Mintzlaff,20
22,Real San Sebastian,1909,3,76,Jokin Aperribay,21
23,SL Benfica,1904,6,82,,
24,AFC Ajax,1900,7,79,,
25,Parthenope,1926,5,80,Aurelio de Laurentiis,22
26,Real Hispalis,1907,3,73,Angel Haro,23
27,Villarreal,1923,3,79,Fernando Roig,24
28,Wolverhampton Wanderers,1877,1,66,Guo Guangchang,25
29,Sevilla,1890,3,80,Jose Castro,26
30,Sporting Clube de Portugal,1906,6,72,,
31,A. Bilbao,1898,3,75,Jon Uriarte,27
32,Vigo,1923,3,69,Carlos Mourino,28
33,Aston Villa,1874,1,69,Nassef Sawiris,29
34,Borussia Monchengladbach,1900,4,76,Rolf Konigs,30
35,Leicester City,1884,1,73,Vichai Srivaddhanaprabha,31
36,Bayer 04 Leverkusen,1904,4,77,Fernando Carro,32
37,Brighton & Hove Albion,1901,1,66,Tony Bloom,33
38,Everton,1878,1,67,Farhad Moshiri,34
39,Fulham,1879,1,64,Shahid Khan,35
40,Newcastle United,1892,1,74,Yasir-Al Rumayyan,36
41,PSV Eindhoven,1913,7,73,,
42,Southampton,1885,1,66,Rasmus Ankersen,37
43,AS Monaco,1924,2,75,Dmitry Rybolovlev,38
44,Atalanta,1907,5,74,Stephen Pagliuca,39
45,Olympique de Marseille,1899,2,78,Frank McCourt,40
46,AFC Bournemouth,1899,1,63,Maxim Demin,41
47,Bologna FC 1909,1909,5,66,Joey Saputo,42
48,Crystal Palace,1905,1,66,Steve Parish,43
49,Houston Dynamo FC,2006,8,61,,
50,Olympiacos SF Piraeus,1925,9,69,,
51,Sporting Clube de Braga,1921,6,67,,
52,Toronto FC,2005,8,66,,
53,U.S. Sassuolo,1920,5,68,Marco Squinzi,44
54,ACF Fiorentina,1926,5,73,Rocco Commisso,45
55,Los Angeles Football Club,2018,8,69,,
56,SEP,1914,10,78,,
57,Shanghai Port,2005,11,56,,
58,ATP,1924,10,70,,
59,Club Nacional de Football,1899,12,62,,
60,Eintracht Frankfurt,1899,4,73,Philip Holzer,46
61,Stade Rennais FC,1901,2,73,Olivier Cloarec,47
62,Trabzonspor A.S.,1967,13,66,Ahmet Ali Agaoglu,48
63,TSG Hoffenheim,1899,4,74,Dietmar Hopp,49
64,FLA,1895,10,78,,
65,Galatasaray A.S.,1905,13,69,Dursun Aydin Ozbek,50
66,Zenit St. Petersburg,1925,14,77,,
67,ATM,1908,10,76,,
68,Espanyol,1900,3,69,Chen Yansheng,51
69,Levante,1909,15,66,,
70,Montpellier Herault SC,1919,2,66,Laurent Nicollin,52
71,OGC Nice,1904,2,71,Jim Ratcliffe,53
72,Sharjah Sports Club,1966,16,56,,
73,Vallecano,1924,3,65,Raul Martin Presa,54
74,Al-Shabab Football Club,1948,17,57,,
75,Al-Wahda Football Club,1974,16,53,,
76,Nottingham Forest,1865,1,62,Socrates Kominakis,55
77,Olympique Lyonnais,1950,2,78,Jean-Michael Aulas,56
78,Tigres de la UANL,1960,18,70,,
79,Udinese Calcio,1896,5,66,Giampolo Pozzo,57
80,Watford,1881,19,61,,
81,Al-Arabi Sports Club,1952,20,53,,
82,Almeria,1989,3,66,Turki Al-Asheikh,58
83,Brentford,1889,1,63,Matthew Benham,59
84,Cadiz,1910,3,65,Manuel Vizcaino,60
85,COR,1910,10,74,,
86,Getafe,1983,3,68,Angel Torres,61
87,GNK Dinamo Zagreb,1911,21,65,,
88,Hellas Verona,1903,5,66,Maurizio Setti,62
89,Inter Miami CF,2020,8,63,,
90,LOSC Lille,1944,2,72,Olivier Letang,63
91,Pumas de la UNAM,1954,18,71,,
92,Qatar Sports Club,1961,20,50,,
93,RC Lens,1906,2,66,Joseph Oughourlian,64
94,VfL Wolfsburg,1945,4,75,Frank Witter,65
95,Al-Nassr Football Club,1955,17,62,,
96,CF America,1916,18,73,,
97,Girona,1930,3,63,Delfi Geli,66
98,HNK Hajduk Split,1911,21,60,,
99,R Antwerp FC,1880,22,68,,
100,1. FC Koln,1948,4,71,Werner Wolf,67
101,Al-Gharafa Sports Club,1979,20,55,,
102,Al-Ittihad Club Jeddah,1927,17,60,,
103,Celtic,1888,23,68,,
104,Chicago Fire FC,1997,8,60,,
105,Empoli Football Club,1920,5,63,Fabrizio Corsi,68
106,Las Palmas,1949,15,63,,
107,Leeds United,1919,1,66,Andrea Radrizzani,69
108,Sport-Club Freiburg,1904,4,68,Eberhard Fugmann,70
109,1. FC Union Berlin,1966,4,66,Dirk Zingler,71
110,Al-Duhail Sports Club,2009,20,58,,
111,Al-Hilal Saudi Football Club,1957,17,65,,
112,Besiktas A.S.,1903,13,69,Ahmet Nur Cebi,72
113,Brondbyernes Idraetsforening,1964,24,61,,
114,Burnley,1882,19,60,,
115,Club Brugge KV,1891,22,70,,
116,FC Krasnodar,2007,14,68,,
117,FC Nantes,1943,2,67,Waldemar Kita,73
118,Fenerbahce A.S.,1907,13,69,Ali Koc,74
119,Hertha Berlin,1892,4,73,Kay Bernstein,75
120,LA Galaxy,1996,8,67,,
121,N.E.C. Nijmegen,1900,7,55,,
122,Orlando City SC,2010,8,60,,
123,Shakhtar Donetsk,1936,25,65,,
124,Al-Sadd Sports Club,1969,20,60,,
125,Atlanta United FC,2014,8,65,,
126,Atletico Pamplona,1920,3,67,Luis Sabalza,76
127,AZ Alkmaar,1967,7,68,,
128,CD Atlas,1916,18,63,,
129,Club Leon,1944,18,67,,
130,Dynamo Kyiv,1927,25,63,,
131,Seattle Sounders FC,1974,8,68,,
132,VfB Stuttgart,1893,4,72,Thomas Hitzlsperger,77
133,CD Guadalajara,1906,18,72,,
134,CD Santos Laguna,1983,18,66,,
135,CF Monterrey,1945,18,69,,
136,Columbus Crew,1996,8,63,,
137,Elche,1923,3,65,Christian Bragarnik,78
138,FC Basel 1893,1893,26,64,,
139,Feyenoord Rotterdam,1908,7,70,,
140,Nashville SC,2017,8,60,,
141,RSC Anderlecht,1908,22,69,,
142,SPO,1930,10,71,,
143,Valladolid,1928,3,65,Ronaldo,79
144,Al-Ettifaq Football Club,1944,17,54,,
145,BSC Young Boys,1895,26,65,,
146,CD Cruz Azul,1927,18,71,,
147,Club Atletico River Plate,1901,27,73,,
148,FC Augsburg,1907,4,70,Markus Krapf,80
149,Fussballclub RB Salzburg,2005,28,73,,
150,INT,1909,10,71,,
151,Spartak Moscow,1922,14,68,,
152,Torino,1906,5,68,Urbano Cairo,81
153,Wuhan Three Towns,2017,11,38,,
154,1. FSV Mainz 05,1905,4,71,Stefan Hofmann,82
155,AC Ajaccio,1910,2,62,Alain Orsoni,83
156,Al-Rayyan Sports Club,1967,20,55,,
157,Austin FC,2021,8,58,,
158,Club Atletico Boca Juniors,1905,27,73,,
159,Deportivo Toluca,1917,18,65,,
160,Dinamo Moscow,1923,14,68,,
161,FC Schalke 04,1904,4,73,Bernd Schroder,84
162,Futbol Club Juarez,2015,18,58,,
163,MKE Ankaragucu,1910,13,53,Faruk Koca,85
164,Servette FC,1890,26,59,,
165,Shandong Taishan,1994,11,55,,
166,Spezia Calcio,1906,5,62,Robert Platek,86
167,U.C. Sampdoria,1946,5,66,Vanessa Ferrero,87
168,Universidad Catolica,1937,29,63,,
169,Vancouver Whitecaps FC,2009,8,60,,
170,Al-Batin Football Club,1979,17,44,,
171,Al-Fayha Club,1954,17,49,,
172,Al-Wasl Football Club,1960,16,52,,
173,Al-Wehda Football Club,1974,16,53,,
174,Antalyaspor,1966,13,59,Aziz Cetin,88
175,Azul y Blanco Millonarios Futbol Club S. A.,1946,30,62,,
176,Blackburn Rovers,1875,19,58,,
177,Club Libertad,1905,31,60,,
178,CSKA Moscow,1911,14,70,,
179,FK Bodo/Glimt,1916,32,61,,
180,FK Crvena zvezda Beograd,1945,33,65,,
181,FLU,1902,10,71,,
182,Football Club Kobenhavn,1992,24,67,,
183,Fortuna Sittard,1968,7,56,,
184,GRE,1903,34,65,,
185,Huesca,1960,15,63,,
186,Khorfakkan Club,2017,16,40,,
187,Mallorca,1916,3,64,Robert Sarver,89
188,New England Revolution,1996,8,60,,
189,Pachuca CF,1901,18,68,,
190,Racing Club de Avellaneda,1903,27,68,,
191,RC Strasbourg Alsace,1906,2,66,Marc Keller,90
192,SC Dnipro-1,2017,25,58,,
193,Shabab Al-Ahli Dubai Football Club,1958,16,56,,
194,Sivasspor,1967,13,62,Mecnun Otyakmaz,91
195,Slovan Liberec,1958,35,59,,
196,SV Werder Bremen,1899,4,70,Tarek Brauer,92
197,U.S. Salernitana 1919,1919,5,62,Danilo Iervolino,93
198,Zaragoza,1932,15,63,,
199,Angers SCO,1919,2,65,Said Chabane,94
200,FC Twente,1965,7,60,,
201,Football Club Nordsjaelland,2003,24,58,,
202,GOI,1943,10,60,,
203,Portland Timbers,1975,8,65,,
204,SAN,1912,10,70,,
205,Stade de Reims,1931,2,65,Jean-Pierre Caillot,95
206,Zamalek Sporting Club,1911,36,61,,
207,Al-Ahly Sporting Club,1907,36,66,,
208,Alaves,1921,15,66,,
209,Al-Fateh Football Club,1958,17,52,,
210,America de Cali S.A.,1927,30,63,,
211,C Guarani,1903,31,57,,
212,Charlotte Football Club,2022,8,58,,
213,Club Atletico Huracan,1908,27,60,,
214,Club Atletico Velez Sarsfield,1910,27,64,,
215,Club Olimpia,1902,31,62,,
216,Daegu FC,2002,37,57,,
217,FC Lorient,1926,2,63,Loic Fery,96
218,FC Utrecht,1970,7,66,,
219,Ludogorets Razgrad,1945,38,65,,
220,Maccabi Haifa,1913,39,61,,
221,Minnesota United FC,2015,8,60,,
222,Parma Calcio 1913,1913,40,62,,
223,Ponferrada,1922,15,58,,
224,Pyramids Football Club,2018,36,58,,
225,Rangers,1872,23,68,,
226,Shenzhen FC,1994,11,40,,
227,St. Louis City SC,2019,8,53,,
228,Stade Brestois 29,1950,2,64,Denis Le Saint,97
229,Viktoria Plzen,1911,35,65,,
230,1. FC Kaiserslautern,1900,41,58,,
231,Al-Adalah Football Club,1984,17,43,,
232,BOT,1904,10,69,,
233,BRA,1928,10,68,,
234,Cagliari Calcio,1920,40,64,,
235,Club Atletico San Luis,2013,18,59,,
236,Club Deportes Tolima S.A.,1954,30,63,,
237,Club Deportivo Godoy Cruz Antonio Tomba,1921,27,57,,
238,Coventry City,1883,19,55,,
239,Deportivo Independiente Medellin S.A.,1913,30,62,,
240,FC Dallas,1996,8,62,,
241,FC Sochi,2018,14,63,,
242,Ferencvarosi Torna Club,1899,42,65,,
243,Jeonbuk Hyundai Motors,1994,37,63,,
244,NK Maribor,1960,43,56,,
245,Norwich City,1902,19,61,,
246,Real Salt Lake,2005,8,61,,
247,Slavia Prague,1892,35,67,,
248,West Bromwich Albion,1878,19,60,,
249,Al-Taawoun Football Club,1956,17,54,,
250,Asociacion Atletica Argentinos Juniors,1904,27,60,,
251,Boavista Futebol Clube - SAD,1903,6,61,,
252,CD Necaxa,1923,18,61,,
253,CEA,1914,10,63,,
254,Club Atletico Bucaramanga S.A.,1949,30,57,,
255,Club Atletico Talleres de Cordoba,1913,27,61,,
256,Club de Foot Montreal,1992,8,62,,
257,Club Deportivo Popular Junior F.C. S.A.,1924,30,63,,
258,Club Independiente del Valle,1958,44,60,,
259,Dibba Al-Fujairah Club,1976,16,40,,
260,FC Cincinnati,2015,8,59,,
261,FC Girondins de Bordeaux,1881,45,65,,
262,FK Partizan Beograd,1945,33,64,,
263,Football Club Midtjylland,1999,24,63,,
264,Gil Vicente Futebol Clube,1924,6,59,,
265,Granada,1931,15,64,,
266,Malaga,1948,15,61,,
267,Mamelodi Sundowns Football Club,1970,46,58,,
268,NK Osijek,1947,21,59,,
269,Once Caldas S.A.,1961,30,60,,
270,Philadelphia Union,2010,8,63,,
271,Salento,1908,5,61,Saverio Sticchi Damiani,98
272,Suwon Samsung Bluewings,1995,37,55,,
273,Vitoria Sport Clube,1922,6,63,,
274,Xoloitzcuintles de Tijuana,2007,18,61,,
275,Adana Demirspor A.S.,1940,13,54,Murat Sancak,99
276,AE Kition Larnakas,1994,47,55,,
277,AE Limassol,1930,47,54,,
278,AEK Athens,1924,9,66,,
279,Al-Ahli Saudi Sport Club,1937,17,54,,
280,Al-Ain Football Club,1968,16,58,,
281,Alanyaspor,1948,13,59,Hasan Cavusoglu,100
282,Alianza Petrolera F.C. S.A.,1991,30,56,,
283,AMG,1912,10,62,,
284,Anorthosis Famagusta,1911,47,54,,
285,APOEL Nicosia,1926,47,60,,
286,Apollon Limassol,1954,47,58,,
287,AS Aris Salonika,1914,9,62,,
288,AS PAOK Salonika,1926,9,66,,
289,Asociacion Deportivo Cali,1912,30,62,,
290,Barcelona Sporting Club,1925,44,61,,
291,Basaksehir Futbol Kulubu,1990,13,61,Goksel Gumusdag,101
292,Brianza,1912,5,62,Silvio Berlusconi,102
293,Club Atletico Independiente,1905,27,64,,
294,Club Independiente Santa Fe S.A.,1941,30,62,,
295,Fatih Karagumruk A.S.,1926,13,49,Suleyman Hurma,103
296,FC Rostov,1930,14,64,,
297,FC Sion,1909,26,59,,
298,FK DAC 1904 Dunajska Streda,1904,48,58,,
299,Gaziantep Futbol Kulubu A.S.,1988,13,57,Cevdet Akinal,104
300,Henan Songshan Longmen,1994,11,43,,
301,K Racing Club Genk,1988,22,67,,
302,Konyaspor,1922,13,61,Fatih Ozgokcen,105
303,Leganes,1928,15,62,,
304,Lion City Sailors FC,2020,49,30,,
305,Lokomotiv Moscow,1936,14,68,,
306,Maccabi Tel-Aviv,1906,39,60,,
307,Malmo FF,1910,50,59,,
308,Molde FK,1911,32,61,,
309,Omonoia Nicosia,1948,47,55,,
310,Oviedo,1926,15,61,,
311,Pafos FC,2014,47,49,,
312,Panathinaikos AO,1908,9,64,,
313,S. Gijon,1905,15,64,,
314,Sheffield United,1889,19,61,,
315,SK Slovan Bratislava,1919,48,61,,
316,Sporting Kansas City,1996,8,62,,
317,VfL Bochum 1848,1938,4,61,Hans-Peter Willis,106
318,Western Sydney Wanderers FC,2012,51,55,,
319,Abha Club,1966,17,47,,
320,Atletico Nacional S.A.,1947,30,64,,
321,Casa Pia Atletico Clube,1920,6,55,,
322,CF Puebla de la Franja,1944,18,60,,
323,Club Atletico Tucuman,1902,27,60,,
324,Club Cerro Porteno,1912,31,61,,
325,Club de Gimnasia y Esgrima La Plata,1887,27,58,,
326,Colo Colo,1925,29,65,,
327,CUI,2001,10,59,,
328,Hamburger SV,1887,41,70,,
329,Ibiza,1957,15,53,,
330,KAA Gent,1900,22,63,,
331,Liga Deportiva Alajuelense,1919,52,55,,
332,Middlesbrough,1876,19,59,,
333,New York City FC,2015,8,67,,
334,Portimonense Sporting Clube,1914,6,57,,
335,Qarabag FK Agdam,1987,53,64,,
336,R Standard de Liege,1898,22,64,,
337,Rakow Czestochowa,1921,54,61,,
338,San Jose Earthquakes,1974,8,59,,
339,Sparta Prague,1893,35,64,,
340,Sportklub Sturm Graz,1909,28,68,,
341,Tenerife,1922,15,62,,
342,Virtus Entella,1914,55,53,,
343,Zhejiang FC,1998,11,43,,
344,1. FC Heidenheim 1846,2007,41,55,,
345,AJ Auxerre,1905,2,63,Zhou James,107
346,Al-Jazira Sports & Culture Club,1974,16,53,,
347,Al-Sailiya Sports Club,1995,20,40,,
348,Amiens SC,1901,45,58,,
349,Clermont Foot 63,1911,2,63,Ahmet Schaefer,108
350,Club Atletico Banfield,1896,27,58,,
351,Club Atletico Colon de Santa Fe,1905,27,60,,
352,Club Atletico Lanus,1915,27,62,,
353,Club Atletico Rosario Central,1889,27,61,,
354,Club Atletico San Lorenzo de Almagro,1908,27,65,,
355,Club Plaza Colonia,1917,12,42,,
356,Club Social y Deportivo Defensa y Justicia,1935,27,60,,
357,Cremonese,1903,5,60,Giovanni Arvedi,109
358,Eibar,1940,15,65,,
359,En Avant Guingamp,1912,45,59,,
360,ESTAC Troyes,1986,2,63,Simon Cliff,
361,Fehervar FC,1941,42,59,,
362,FOR,1918,10,65,,
363,Grupo Desportivo Estoril Praia - SAD,1939,6,58,,
364,IFK Goteborg,1904,50,56,,
365,KVC Westerlo,1933,22,55,,
366,Lommel SK,1937,56,50,,
367,Muaither Sports Club,1996,20,31,,
368,New York Red Bulls,1996,8,63,,
369,Queens Park Rangers,1882,19,58,,
370,Rio Ave Futebol Clube,1939,6,58,,
371,Rosenborg BK,1917,32,60,,
372,Al-Ahli Sports Club Doha,1950,20,45,,
373,Alcorcon,1971,57,56,,
374,Al-Hazem Sport Club,1965,17,42,,
375,Al-Nasr Sports Club,1945,16,51,,
376,Castellon,1922,57,45,,
377,Club Estudiantes de La Plata,1905,27,63,,
378,Esperance Sportive de Tunis,1919,58,63,,
379,Football Club Melgar,1915,59,59,,
380,Fortuna Dusseldorf,1895,41,65,,
381,Futebol Clube de Vizela,1939,6,53,,
382,Hatayspor,1967,13,52,Nihat Tazearslan,110
383,Heart Of Midlothian,1874,23,57,,
384,Hull City,1904,19,57,,
385,KV Kortrijk,1901,22,56,,
386,Randers Football Club,2003,24,56,,
387,Shanghai Shenhua,1993,11,50,,
388,SpVgg Greuther Furth,1903,41,58,,
389,Swansea City,1912,19,59,,
390,Toulouse FC,1937,2,64,Gerry Cardinale,111
391,Al-Ittihad Kalba Sports & Cultural Club,1914,36,50,,
392,Al-Raed Saudi Football Club,1954,17,50,,
393,Al-Wakrah Sports Club,1959,20,40,,
394,BAH,1931,34,60,,
395,Bari,1908,40,58,,
396,Birmingham City,1875,19,56,,
397,BK Hacken,1940,50,49,,
398,Burgos,1985,15,54,,
399,Changchun Yatai,1996,11,43,,
400,Club Atletico Sarmiento de Junin,1911,27,55,,
401,Club Deportivo de la Universidad Catolica,1963,44,53,,
402,Colorado Rapids,1996,8,59,,
403,CTB,1909,10,60,,
404,D.C. United,1996,8,63,,
405,Damac Football Club,1970,17,48,,
406,Djurgardens IF,1891,50,56,,
407,DSC Arminia Bielefeld,1905,41,63,,
408,FC Lugano,2003,26,58,,
409,Futebol Clube de Arouca,1952,6,55,,
410,Futebol Clube de Famalicao,1931,6,58,,
411,Genoa CFC,1893,40,65,,
412,Hebei FC,2015,11,40,,
413,Holstein Kiel,1900,41,53,,
414,JUV,1913,10,59,,
415,Karlsruher SC,1894,41,58,,
416,Kristiansund BK,2003,32,54,,
417,Lech Poznan,1922,54,61,,
418,Liga Deportiva Universitaria de Quito,1930,44,60,,
419,Lillestrom SK,1917,32,56,,
420,Nublense,1916,29,44,,
421,Patriotas Boyaca Futbol Club S.A.,2003,30,56,,
422,Persija Jakarta,1928,60,31,,
423,Phoenix Rising FC,2016,8,45,,
424,Pogon Szczecin,1948,54,55,,
425,Royal Charleroi Sporting Club,1904,22,63,,
426,Rubin Kazan,1958,14,57,,
427,Sociedad Deportiva Aucas,1945,44,48,,
428,Stade Malherbe Caen,1913,45,59,,
429,Venezia Football Club,1907,40,60,,
430,Aalborg Boldspilklub,1885,24,57,,
431,Adelaide United,2003,51,53,,
432,Aguilas Doradas Rionegro S.A.,2008,30,57,,
433,AIK,1891,50,57,,
434,Al-Bataeh Cultural & Sports Club,2012,16,34,,
435,AS Saint-Etienne,1919,45,65,,
436,Asociacion Deportivo Pasto,1949,30,57,,
437,ATG,1937,10,61,,
438,Bohemians 1905,1905,35,56,,
439,Bristol City,1894,19,58,,
440,Club Atletico Barracas Central,1904,27,53,,
441,Club Atletico Newell's Old Boys,1903,27,61,,
442,Club Atletico Penarol,1891,12,61,,
443,Club Atletico River Plate (Montevideo),1932,12,42,,
444,Club Atletico Tigre,1902,27,58,,
445,Club Atletico Union de Santa Fe,1907,27,58,,
446,Club Sporting Cristal S.A.,1955,59,62,,
447,FC Ingolstadt 04,2004,61,59,,
448,FC Luzern,1901,26,58,,
449,FC Metz,1919,45,62,,
450,FC St. Gallen 1879,1879,26,62,,
451,Frosinone,1928,40,59,,
452,Giresunspor,1967,13,49,Hakan Karaahmet,112
453,Grupo Desportivo de Chaves,1949,6,56,,
454,Guayaquil City Futbol Club,2007,44,42,,
455,Hammarby IF,1889,50,56,,
456,Hannover 96,1896,41,59,,
457,Hassania Union Sport Agadir,1946,62,44,,
458,Hughes Foot Ball Club,1927,63,13,,
459,Kaizer Chiefs Football Club,1970,46,57,,
460,Kasimpasa A.S.,1921,13,58,Turgay Ciner,113
461,Kayserispor,1966,13,57,Berna Gozbasi,114
462,LKS Goczalkowice-Zdroj,1960,64,20,,
463,Mazatlan Futbol Club,2020,18,58,,
464,Mlada Boleslav,1902,35,58,,
465,Paide Linnameeskond,1990,65,31,,
466,Queretaro FC,1950,18,60,,
467,Reggina 1914,1914,40,58,,
468,Rodina Moscow,2015,66,29,,
469,Royale Union Saint-Gilloise,1897,22,58,,
470,SC Paderborn 07,1907,41,57,,
471,Stoke City,1863,19,58,,
472,SV Darmstadt 98,1898,41,58,,
473,Sydney FC,2004,51,55,,
474,Tromso IL,1920,32,53,,
475,Ulsan Hyundai,1983,37,62,,
476,Valerenga Fotball,1913,32,57,,
477,VDG,1898,34,63,,
478,Vitesse,1892,7,64,,
479,1. FC Nurnberg,1900,41,65,,
480,Adanaspor A.S.,1954,67,43,,
481,Akhmat Grozny,1958,14,60,,
482,Al-Faisaly Football Club,1954,17,47,,
483,Ascoli Calcio 1898,1898,40,57,,
484,Beijing Guo'an,1992,11,52,,
485,Brescia,1911,40,59,,
486,Caracas Futbol Club,1967,68,51,,
487,CD FAS,1947,69,40,,
488,Chemnitzer FC,1966,84,45,,
489,Club Sport Emelec,1929,44,60,,
490,Corporacion Social Deportiva y Cultural de Pereira,1944,30,56,,
491,CSKA 1948 Sofia,2016,38,54,,
492,CSKA-Sofia,1948,38,60,,
493,Dundee United,1909,23,55,,
494,Eintracht Braunschweig,1895,41,58,,
495,FC CFR 1907 Cluj,1907,70,60,,
496,FC Emmen,1925,7,54,,
497,FC St. Pauli,1910,41,61,,
498,KV Oostende,1904,22,58,,
499,Levski Sofia,1914,38,60,,
500,Linzer Athletik-Sport-Klub,1908,28,67,,
501,Liverpool Futbol Club,1915,12,49,,
502,Luton Town,1885,19,56,,
503,Millwall,1885,19,56,,
504,Murcia,1908,57,46,,
505,Orense Sporting Club,2009,44,42,,
506,Peterborough United,1934,71,51,,
507,Preston North End,1880,19,58,,
508,R. Santander,1913,15,57,,
509,Rotherham United,1925,19,52,,
510,Santa Clara Acores Futebol,1921,6,56,,
511,sc Heerenveen,1920,7,61,,
512,Sportklub Rapid Vienna,1899,28,67,,
513,Tianjin Jinmen Tiger,1998,11,44,,
514,Umm-Salal Sports Club,1979,20,44,,
515,Vejle Boldklub,1891,24,50,,
516,Western United FC,2018,51,50,,
517,Al-Tai Football Club,1961,17,45,,
518,Arsenal Futbol Club de Sarandi,1957,27,56,,
519,Bangkok United,1988,72,49,,
520,Benevento,1929,40,59,,
521,BG Pathum United,2006,72,50,,
522,Botev Plovdiv,1912,38,55,,
523,Cardiff City,1899,19,58,,
524,Cartagena,1995,15,58,,
525,CEC,1921,34,63,,
526,Club Atletico Belgrano,1905,27,57,,
527,Club Atletico Estudiantes de Buenos Aires,1898,73,47,,
528,Club Bolivar,1925,74,51,,
529,Corporacion Club Deportivo Tulua,1967,30,56,,
530,Cosenza,1914,40,55,,
531,FC Seoul,1983,37,55,,
532,FC Zurich,1896,26,58,,
533,FK Astana,2009,75,62,,
534,Fotbal Club FCSB,2003,70,59,,
535,Futebol Clube Pacos de Ferreira,1950,6,57,,
536,Hibernian,1875,23,57,,
537,Jaguares de Cordoba Futbol Club S.A.,2012,30,56,,
538,Johor Darul Ta'zim FC,2012,76,36,,
539,KSV Cercle Brugge,1899,22,58,,
540,Legia Warszawa,1916,54,65,,
541,Melbourne Victory,2004,51,55,,
542,Montevideo City Torque,1921,80,31,,
543,National Bank of Egypt,1951,36,40,,
544,PON,1900,34,56,,
545,Samsunspor,1965,67,45,,
546,SC Cambuur,1964,7,52,,
547,Sportgemeinschaft Albeck-Sirnitz,1964,77,28,,
548,SV Sandhausen,1916,41,53,,
549,TuS Dassendorf,1948,78,20,,
550,VRE,1976,34,44,,
551,Yellow Red KV Mechelen,1904,22,60,,
552,Aarhus Gymnastik Forening,1880,24,56,,
553,Albacete,1940,15,56,,
554,Al-Khor Sports Club,1961,20,43,,
555,Al-Talaba Sports Club,1977,79,40,,
556,Associacao Ferroviaria de Esportes,1940,34,41,,
557,AVA,1923,10,59,,
558,Baniyas Sports Club,1982,16,49,,
559,Barra Futebol Clube (SC),2013,34,13,,
560,Bnei Sakhnin,1992,39,49,,
561,CBR,1912,34,54,,
562,Club Alianza Lima,1901,59,62,,
563,Club Atletico Boston River S.A.D.,1939,12,40,,
564,Club Atletico Juventud (Las Piedras),1935,80,36,,
565,Club Sportivo Cerrito,1929,80,63,,
566,Clube Sport Maritimo - SAD,1910,6,58,,
567,Coruna,1906,15,58,,
568,CSD Municipal,1936,81,49,,
569,Cucuta Deportivo F.C. S.A.,1924,30,55,,
570,Dorados de Sinaloa,2003,82,50,,
571,Escuela Municipal Deportivo Binacional Futbol Club,2010,59,53,,
572,FC Khimki,1997,14,55,,
573,Fussballklub Austria Vienna,1911,28,64,,
574,Grasshopper Club Zurich,1886,26,55,,
575,Hapoel Be'er-Sheva,1949,39,58,,
576,Huddersfield Town,1908,19,58,,
577,IFK Norrkoping FK,1897,50,55,,
578,Jablonec,1945,35,60,,
579,Krylja Sovetov Samara,1942,14,58,,
580,Macarthur FC,2018,51,49,,
581,Manisa Futbol Kulubu,1994,67,37,,
582,Mirandes,1927,15,56,,
583,Mumbai,2014,83,40,,
584,Odds BK,1894,32,55,,
585,Oud-Heverlee Leuven,2002,22,58,,
586,Palermo F.C.,1900,40,60,,
587,Pisa,1909,40,58,,
588,Puskas Ferenc Labdarugo Akademia,2005,42,56,,
589,Qairat Almaty,1954,75,53,,
590,Royal Pari Futbol Club,1925,74,51,,
591,Slask Wroc≈Çaw,1947,54,52,,
592,Slovacko,2000,35,56,,
593,SPAL,1907,40,59,,
594,SuperSport United Football Club,1985,46,55,,
595,SV Zulte Waregem,2001,22,59,,
596,Ternana Calcio,1925,40,55,,
597,Universidad de Chile,1927,29,63,,
598,Valenciennes FC,1913,45,55,,
599,Viborg Fodsports Forening,1896,24,52,,
600,Wuppertaler SV,1954,84,40,,
601,Wydad Athletic Club,1939,62,58,,
602,Zoria Luhansk,1923,25,55,,
603,Bhayangkara FC,2010,60,32,,
604,Buriram United,1970,72,51,,
605,Club Atletico Aldosivi,1913,73,55,,
606,Club Atletico Patronato de la Juventud Catolica,1914,73,56,,
607,Club Atletico Platense,1905,27,55,,
608,Club Central Cordoba de Santiago del Estero,1919,27,55,,
609,Club Social y Deportivo Macara,1939,44,49,,
610,Club Social Cultural y Deportivo Blooming,1946,74,47,,
611,Defensor Sporting Club,1913,12,50,,
612,Derby County,1884,71,55,,
613,Everton de Vina del Mar,1909,29,52,,
614,FC Lausanne-Sport,1896,26,56,,
615,FC Orenburg,1976,14,53,,
616,Grazer Athletiksport Klub 1902,2012,28,47,,
617,Guangzhou City,1994,11,55,,
618,Guwahati,2014,83,35,,
619,HNK Rijeka,1946,21,58,,
620,IFK Varnamo,1912,50,45,,
621,Jeju United,1982,37,49,,
622,K Sint-Truidense VV,1924,22,58,,
623,Kalmar FF,1910,50,48,,
624,LEC,1956,34,52,,
625,Lechia Gdansk,1945,54,52,,
626,Lugo,1953,15,59,,
627,Melbourne City FC,2009,51,55,,
628,O'Higgins,1955,29,57,,
629,Oxford United,1893,71,50,,
630,Pallokerho-35,1935,85,35,,
631,Paxtakor Toshkent,1956,86,58,,
632,Prachuap FC,2009,72,40,,
633,Quilmes Atletico Club,1887,73,54,,
634,Reading,1871,19,56,,
635,Resende Futebol Clube,1929,34,24,,
636,Silkeborg Idraetsforening,1917,24,54,,
637,SK Beveren,1936,56,56,,
638,Sportklub Austria Klagenfurt,2010,28,59,,
639,Tauro FC,1984,87,25,,
640,Union Espanola,1897,29,56,,
641,Ural Yekaterinburg,1930,14,57,,
642,Vorskla Poltava,1955,25,55,,
643,1. FC Magdeburg,1965,41,50,,
644,Al-Arabi Sporting Club,1960,88,41,,
645,Al-Khaleej Football Club,1945,17,40,,
646,Al-Orobah Football Club,1975,17,33,,
647,Al-Shamal Sports Club,1980,20,40,,
648,APS Atromitos Athens,1923,9,54,,
649,Aris Limassol,1930,47,45,,
650,Asociacon Atletica Estudiantes de Rio Cuarto,1912,73,50,,
651,Ayacucho Futbol Club,2007,59,52,,
652,Bali United FC,2015,60,33,,
653,Banik Ostrava,1922,35,59,,
654,C Nacional FC,1904,31,54,,
655,C Sportivo Luqueno,1921,31,43,,
656,Cangzhou Mighty Lions,2021,11,39,,
657,Club Always Ready,1933,74,30,,
658,Club Atletico San Martin de San Juan,1907,73,54,,
659,Club Deportivo y Cultural Real Tomayapo,1999,74,30,,
660,Club Independiente Petrolero,1932,74,31,,
661,Club Jorge Wilstermann,1949,74,48,,
662,Club The Strongest,1908,74,49,,
663,Club Universitario de Deportes,1924,59,60,,
664,Como 1907,1907,40,57,,
665,Cordoba,1954,57,48,,
666,CS Herediano,1921,52,45,,
667,Deportes La Serena,1955,29,47,,
668,Deportes Magallanes,1897,29,43,,
669,Deportes Quindio S.A.,1951,89,55,,
670,Deportivo Tachira F.C.,1974,68,51,,
671,Dijon FCO,1998,45,60,,
672,Eyupspor,1919,67,38,,
673,F.C. Andorra,1942,15,48,,
674,FC Annecy,1927,45,50,,
675,FC Anyang,2013,37,45,,
676,FC Bayern Alzenau,1920,78,35,,
677,FC Groningen,1971,7,61,,
678,FC Sochaux-Montbeliard,1928,45,57,,
679,FC Spartak Trnava,1923,48,55,,
680,FIG,1921,34,46,,
681,Foolad Mobarakeh Sepahan Club,1953,90,55,,
682,Fuenlabrada,1975,57,54,,
683,Future Football Club,2021,36,53,,
684,Goztepe A.S.,1925,67,58,,
685,Hapoel Haifa,1924,39,49,,
686,Helsingin Jalkapalloklubi,1907,91,54,,
687,HNK Gorica,2009,21,54,,
688,Instituto Atletico Central Cordoba,1918,27,54,,
689,ITU,1947,34,46,,
690,Jagiellonia Bialystok,1920,54,53,,
691,KAS Eupen,1945,22,56,,
692,Logrones,2009,57,48,,
693,Lokomotiv Plovdiv,1936,38,55,,
694,Maccabi Netanya,1936,39,50,,
695,Metalist Kharkiv,1925,25,45,,
696,Miami Beach Club de Futbol,2018,92,8,,
697,Nimes Olympique,1937,45,60,,
698,OFI Crete,1925,9,55,,
699,Palestino,1920,29,53,,
700,PAS Giannina,1966,9,52,,
701,PEC Zwolle,1910,93,57,,
702,Pendikspor Futbol A.S.,1950,67,32,,
703,Persepolis Football Club,1963,90,57,,
704,Piast Gliwice,1945,54,53,,
705,Rizespor A.S.,1953,67,55,,
706,Royal AM Football Club,2021,46,54,,
707,Royal Francs Borains,2014,56,40,,
708,SG Dynamo Dresden,1953,61,58,,
709,Sheffield Wednesday,1867,71,55,,
710,Sigma Olomouc,1919,35,58,,
711,Sparta Rotterdam,1888,7,58,,
712,Sporting FC (CRC),2016,52,38,,
713,SPT,1905,34,59,,
714,Torpedo Moscow,1930,14,49,,
715,U Craiova 1948 CS,1948,70,58,,
716,Union La Calera,1954,29,54,,
717,Union Magdalena S.A.,1953,30,56,,
718,Umraniyespor,1938,13,44,Tarik Aksar,115
719,Vasas Futball Club,1911,42,51,,
720,VfL Osnabruck,1899,61,53,,
721,Wigan Athletic,1932,19,51,,
722,Willem II,1896,93,61,,
723,Wolfsberger Athletiksport Club,1931,28,63,,
724,Sportclub Austria Lustenau,1914,28,54,,
725,Stromsgodset Toppfotball,1907,32,54,,
726,Cittadella,1973,40,57,,
727,GUA,1911,34,55,,
728,Ipswich Town,1878,71,53,,
729,Sunderland,1879,19,59,,
730,Barnsley,1887,71,53,,
731,Academico de Viseu Futebol Clube,1914,94,53,,
732,Blackpool,1887,19,54,,
733,FK Cukaricki Beograd,1926,33,54,,
734,JOI,1976,34,31,,
735,Metropolitanos de Caracas Futbol Club,2012,68,43,,
736,Viking FK,1899,32,56,,
737,Clube Desportivo de Tondela,1933,94,56,,
738,Aberdeen,1903,23,58,,
739,Clube Desportivo Nacional,1910,94,57,,
740,Perugia,1905,40,57,,
741,Varzim Sport Clube,1915,94,53,,
742,Asociacion Civil Deportivo Lara,2009,68,46,,
743,Deportivo La Guaira,2013,68,50,,
744,F.C. Hansa Rostock,1965,41,53,,
745,Fleetwood Town,1908,71,44,,
746,Remo Stars F.C.,2010,95,44,,
747,Sport Club Ironi Ashdod,1999,39,49,,
748,C.F. Intercity,2017,57,34,,
749,Club Almirante Brown,1922,73,50,,
750,Club Atletico Gimnasia y Esgrima de Mendoza,1908,73,47,,
751,Dinamo Batumi,1923,96,53,,
752,FK Radnicki Nis,1923,33,50,,
753,NK Olimpija Ljubljana,1911,43,52,,
754,Odense Boldklub,1887,24,57,,
755,St. Mirren,1877,23,52,,
756,Wycombe Wanderers,1877,71,50,,
757,FK Haugesund,1993,32,54,,
758,FK Vojvodina Novi Sad,1914,33,49,,
759,IF Elfsborg,1904,50,50,,
760,Orlando Pirates Football Club,1937,46,57,,
761,Wattener Sportgemeinschaft Tirol,2019,28,61,,
762,Club Atletico Temperley,1912,73,52,,
763,FC Koper,1920,43,52,,
764,Gwangju FC,2010,37,52,,
765,Havre AC,1872,45,58,,
766,K Beerschot Voetbalclub Antwerpen,2013,56,58,,
767,NK Lokomotiva Zagreb,1914,21,54,,
768,Valmiera FC,1995,97,36,,
769,Al-Masry Sporting Club,1920,36,53,,
770,Central Coast Mariners,2004,51,49,,
771,Club Ferro Carril Oeste,1904,73,53,,
772,Milton Keynes Dons,2004,71,51,,
773,Monagas Sport Club,1987,68,45,,
774,Muangthong United,1989,72,47,,
775,Real Irun,1915,57,44,,
776,RKC Waalwijk,1940,7,52,,
777,ADO Den Haag,1905,93,55,,
778,FK Sutjeska Niksic,1927,98,39,,
779,NK Celje,1919,43,42,,
780,NS Mura Murska Sobota,1924,43,49,,
781,Quevilly Rouen,2015,45,53,,
782,SK Brann,1908,32,54,,
783,Slavia Sofia,1913,38,51,,
784,Bandirmaspor,1965,67,41,,
785,MSV Duisburg,1902,61,55,,
786,U Craiova 1948 SA,2017,70,51,,
787,Wisla Krakow,1906,54,49,,
788,Bogota Futbol Club S.A.,2003,89,52,,
789,Clube Desportivo Feirense,1918,94,55,,
790,Delfino Pescara,1936,55,55,,
791,Paris FC,1969,45,55,,
792,Plymouth Argyle,1886,71,52,,
793,Shrewsbury Town,1886,71,45,,
794,A.M.S. y D. Atletico de Rafaela,1907,73,53,,
795,Accra Lions FC,2015,99,40,,
796,Al-Ahli Sport Club of Aleppo,1949,100,49,,
797,Arda 1924 Kardzhali,1924,38,50,,
798,Association Sportive de Pikine,2008,101,33,,
799,Cracovia,1906,54,49,,
800,Diambars Football Club,2003,101,35,,
801,El Ejido,2012,57,39,,
802,IK Sirius FK,1907,50,46,,
803,Knattspyrnufelag Reykjavikur,1899,102,48,,
804,MSK Zilina,1908,48,55,,
805,NK Domzale,1921,43,44,,
806,TSV 1860 Munchen,1860,61,55,,
807,Yeni Malatyaspor,1986,67,55,,
808,AFC Wimbledon,2002,103,43,,
809,Bolton Wanderers,1874,71,53,,
810,Huachipato,1947,29,53,,
811,AmaZulu Football Club,1932,46,55,,
812,Go Ahead Eagles,1902,7,50,,
813,AS Nancy Lorraine,1967,45,54,,
814,Beitar Jerusalem,1936,39,48,,
815,Helmond Sport,1967,93,40,,
816,Latina Calcio 1932,1945,55,40,,
817,Neftci Pesakar Futbol Klubu,1937,53,54,,
818,Bristol Rovers,1883,71,49,,
819,Club Comunicaciones,1931,73,47,,
820,FC Viktoria Koln,1904,61,43,,
821,Gangwon FC,2008,37,54,,
822,Guediawaye Football Club,1993,101,33,,
823,Pohang Steelers,1973,37,56,,
824,Sportklub Niederosterreich St. Polten,2000,28,55,,
825,Wikki Tourists F.C. of Bauchi,1992,95,45,,
826,Barranquilla Futbol S.A.,2005,89,51,,
827,Breidablik ungmennafelag,1950,102,53,,
828,Cesena Football Club,1940,55,52,,
829,Club Deportivo America de Quito,1939,44,35,,
830,Crewe Alexandra,1877,103,42,,
831,Hapoel Ironi Kiryat-Shmona,2000,39,46,,
832,Real Cartagena Futbol Club S.A.,1971,89,53,,
833,Sabadell,1903,57,47,,
834,AS Academie Generation Foot,2000,101,38,,
835,Club Villa Dalmine,1957,73,48,,
836,FK Vozdovac Beograd,1912,33,48,,
837,Gornik Zabrze,1948,54,49,,
838,HNK Sibenik,1932,21,47,,
839,IK Start,1905,32,51,,
840,Juve Stabia,1907,55,50,,
841,NK Slaven Belupo,1907,21,49,,
842,Siena 1904,1904,55,45,,
843,AS Trencin,1992,48,50,,
844,Envigado Futbol Club S.A.,1989,30,57,,
845,FK Mladost Lucani,1952,33,41,,
846,Fussballclub Admira Wacker Modling,2008,28,59,,
847,Guangzhou FC,1994,11,55,,
848,Varbergs BoIS FC,1925,50,45,,
849,Dinamo Tbilisi,1925,96,52,,
850,Fortaleza Futbol Club S.A.,2010,89,54,,
851,Meizhou Hakka,2013,11,35,,
852,Pro Vercelli,1892,55,50,,
853,Skeid Fotball,1915,32,42,,
854,Orgryte IS,1887,104,45,,
855,Triestina Calcio 1918,1918,55,46,,
856,Water F.C. (NGA),2010,95,5,,
857,Club Atletico Chacarita Juniors,1906,73,53,,
858,De Graafschap,1954,93,53,,
859,Ungmennafelagio Stjarnan,1960,102,48,,
860,Nassaji Mazandaran Ghaemshahr,1960,90,39,,
861,SpVgg Unterhaching,1925,84,48,,
862,Association Sportive des Douanes (SEN),1980,101,33,,
863,Racing Club d'Abidjan,2009,105,43,,
864,Stade Malien de Bamako,1960,106,46,,
865,CD Pozoblanco,1926,57,29,,
866,Club Atletico San Telmo,1904,73,46,,
867,Coton Sport de Garoua,1986,107,40,,
868,FC Ballkani,1947,108,23,,
869,IF Brommapojkarna,1942,104,41,,
870,KF Shkendija Tetovo,1979,109,44,,
871,Swindon Town,1879,103,44,,
872,Tishreen Sporting Club,1947,100,53,,
873,NK Celik Zenica,1945,110,28,,
874,Ourense C.F. SAD,1977,57,33,,
875,Stabaek Fotball,1912,32,52,,
876,Cape Town City Football Club,2016,46,56,,
877,Catania,1946,55,52,,
878,Dinamo Makhachkala,1946,66,32,,
879,Pribram,1948,35,50,,
880,1. FC Saarbrucken,1903,61,46,,
881,Doncaster Rovers,1879,103,44,,
882,ENPPI Club,1985,36,48,,
883,FC Astoria Walldorf,1995,84,40,,
884,Katsina United F.C.,1994,95,44,,
885,Academie Foot Darou Salam,2015,101,13,,
886,Aurora Pro Patria 1919,1919,55,40,,
887,FCV Farul Constanta,2009,70,53,,
888,Ismaily Sporting Club,1924,36,57,,
889,C.E. Sant Jordi,1974,57,15,,
890,Stade de Mbour,1960,101,30,,
891,VIT,1899,34,53,,
892,Al-Karamah Sporting Club,1928,100,47,,
893,Arenteiro,1958,57,32,,
894,Abuko Falcons Football Club,2010,111,15,,
895,Atletico Arnoia,1969,57,13,,
896,PSV Wellingara,2013,111,13,,
897,Wallydane de Thies,2010,101,25,,
898,ASEC Mimosas,1948,105,48,,
899,Busan IPARK,1983,37,48,,
900,Club Deportivo Estudiantil,1997,89,33,,
901,Gunjur United,2009,111,10,,
902,Highlanders Football Club,1926,112,24,,
903,St. Patrick's Athletic,1929,113,40,,
904,Wallidan Football Club,1969,111,23,,
905,Spartak 1918 Varna,1918,38,46,,
906,VVV-Venlo,1903,93,56,,
907,KGHM Zaglebie Lubin,1946,54,53,,
908,Al-Faisaly Sports Club,1932,114,39,,
909,Al-Wehdat,1956,114,41,,
910,Bechem United,1966,99,34,,
911,Sarpsborg 08 FF,2007,32,53,,
912,Academie Mohammed VI de Football,2008,62,25,,
913,Motherwell,1886,23,54,,
914,KF Ramiz Sadiku,1974,108,10,,
915,Dalian Professional,2020,11,45,,
916,Al-Muharraq Club,1928,115,39,,
917,Chengdu Rongcheng,2018,11,36,,
918,Osmaniyespor Futbol Kulubu,2011,116,25,,
919,Gimcheon Sangmu,2021,37,48,,
920,Albion Football Club,1891,80,33,,
921,Esteghlal Football Club,1945,90,57,,
922,Wuhan Changjiang,2012,11,40,,
923,SSV Jahn Regensburg,1889,41,54,,
924,Daejeon HanaCitizen,1997,37,46,,
925,9 de Octubre Futbol Club,1926,44,41,,
926,Miedz Legnica,1971,54,43,,
927,Guairena Futbol Club,2016,31,38,,
928,Suwon FC,2003,37,43,,
929,NPS Volos,2017,9,52,,
930,GFS Panetolikos,1926,9,52,,
931,Kyoto Mantis,1922,117,45,,
932,Club Deportivo Oriente Petrolero,1955,74,48,,
933,Club Atletico San Martin de Tucuman,1909,73,55,,
934,Sendai Lumiere FC,1988,117,45,,
935,NK Istra 1961,1961,21,46,,
936,Mjallby AIF,1939,50,46,,
937,Academia Puerto Cabello F.C.,2014,68,40,,
938,Numantia,1945,57,48,,
939,Sportclub Rheindorf Altach,1929,28,60,,
940,Modena F.C. 2018,1912,40,55,,
941,Turn- und Sportverein Hartberg,1946,40,61,,
942,Chabab Riadhi Belouizdad,1962,118,46,,
943,Excelsior Rotterdam,1902,7,49,,
944,FK Spartak Zdrepceva krv Subotica,1945,33,40,,
945,Charlton Athletic,1905,71,53,,
946,Kilmarnock,1869,23,50,,
947,Sportvereinigung Ried,1912,28,60,,
948,Portsmouth,1898,71,53,,
949,Sudtirol - Alto Adige,1995,40,53,,
950,Kunshan FC,2014,11,29,,
951,Forest Green Rovers,1889,71,44,,
952,Lincoln City,1884,71,46,,
953,Roda JC Kerkrade,1962,93,49,,
954,Bohemian F.C.,1890,113,39,,
955,FC Volendam,1920,7,50,,
956,FK Jerv,1921,32,48,,
957,Catanzaro,1929,55,51,,
958,FC Thun,1898,26,52,,
959,Teplice,1945,35,56,,
960,NAC Breda,1912,93,54,,
961,Exeter City,1901,71,44,,
962,Jonkopings Sodra IF,1922,104,44,,
963,Linares,2009,57,41,,
964,Club Guillermo Brown de Puerto Madryn,1945,73,47,,
965,Crawley Town,1896,103,39,,
966,Morecambe,1920,71,41,,
967,FC Dordrecht,1972,93,38,,
968,Hamarkameratene,1918,32,50,,
969,NK Bravo Ljubljana,2006,43,47,,
970,Stade Briochin,1904,119,40,,
971,FC Sheriff Tiraspol,1997,120,50,,
972,Reggiana,1919,55,53,,
973,Kryvbas Kryvyi Rih,2020,25,40,,
974,Colchester United,1937,103,41,,
975,Potenza Calcio,1919,55,41,,
976,Port Vale,1876,71,44,,
977,Warta Poznan,1912,54,43,,
978,Badajoz,2012,57,47,,
979,Monterosi Tuscia Football Club,2004,55,37,,
980,Gubbio,1910,55,41,,
981,Club Almagro,1911,73,48,,
982,FK Radnicki Novi Beograd,1920,121,24,,
983,NK Varazdin,2012,21,46,,
984,NK Kalcer Radomlje,1972,43,45,,
985,FC Den Bosch,1965,93,44,,
986,U. Murcia,1999,57,45,,
987,Pari Nizhniy Novgorod,2015,14,53,,
988,Mantova 1911,1911,55,46,,
989,Santiago Wanderers,1892,29,49,,
990,SKA Khabarovsk,1946,66,47,,
991,Teruel,1943,57,38,,
992,Club Atletico Morelia,1950,82,53,,
993,Hammarby Talangfotbollforening,2021,104,24,,
994,Dundee,1893,23,53,,
995,FC Wil 1900,1900,26,48,,
996,Northampton Town,1897,103,43,,
997,Sariyer,1940,122,32,,
998,Gelbison,1956,55,35,,
999,RSC Internacional F.C.,1973,57,12,,
1000,Neftekhimik Nizhnekamsk,1991,66,47,,
1001,Pirin Blagoevgrad,1922,38,46,,
1002,Pacific Football Club,2018,123,44,,
1003,Rochdale,1907,103,41,,
1004,Scarborough Athletic,2007,103,23,,
1005,AD Guanacasteca,2004,52,15,,
1006,Partick Thistle,1876,23,48,,
1007,Union Sportive de Touarga,1969,62,29,,
1008,Yate Town,1946,103,15,,
